name,id
Sheppard Memorial Library,25661442
Aljan,29978127
Khanh,4527753
Christy,11284813
Karen,45618
Julio,6974899
Dan,870755
Litchick,18104163
Patrick,108424
Jeffrey ,3427339
Jennifer,9916227
Kemper,405390
Heather,13070326
Wendy,2745288
Mark,131922
Steph,4642710
nenia,6563933
Carol,6294320
Benjamin,8398291
Harlan,7962723
Jacquelyn,8871019
Ben,1619566
Matt,747549
Veronica Belmont,8121761
Tom Merritt,93524
Amber,12691656
Brandon,4727580
JLawrence,92292
Becca,8414149
Tony,32882668
Brett,7029783
Neil Gaiman,1221698
John Scalzi,4763
Jannik,25559982
Rebecca Bilbro,2034582
Douglas Byrne,37670016
Mary Eaton,37671720
Suzan Eaton,5886663
J.P. Senger,37815007
